{
  "service": {
    "service": "notes-api",
    "serviceObject": {
      "name": "notes-api"
    },
    "provider": {
      "name": "aws",
      "runtime": "nodejs14.x",
      "profile": "default",
      "stage": "dev",
      "region": "us-east-1",
      "environment": {
        "DYNAMODB_TABLE_NAME": "notes"
      },
      "versionFunctions": true,
      "compiledCloudFormationTemplate": {
        "AWSTemplateFormatVersion": "2010-09-09",
        "Description": "The AWS CloudFormation template for this Serverless application",
        "Resources": {
          "ServerlessDeploymentBucket": {
            "Type": "AWS::S3::Bucket",
            "Properties": {
              "BucketEncryption": {
                "ServerSideEncryptionConfiguration": [
                  {
                    "ServerSideEncryptionByDefault": {
                      "SSEAlgorithm": "AES256"
                    }
                  }
                ]
              }
            }
          },
          "ServerlessDeploymentBucketPolicy": {
            "Type": "AWS::S3::BucketPolicy",
            "Properties": {
              "Bucket": {
                "Ref": "ServerlessDeploymentBucket"
              },
              "PolicyDocument": {
                "Statement": [
                  {
                    "Action": "s3:*",
                    "Effect": "Deny",
                    "Principal": "*",
                    "Resource": [
                      {
                        "Fn::Join": [
                          "",
                          [
                            "arn:",
                            {
                              "Ref": "AWS::Partition"
                            },
                            ":s3:::",
                            {
                              "Ref": "ServerlessDeploymentBucket"
                            },
                            "/*"
                          ]
                        ]
                      },
                      {
                        "Fn::Join": [
                          "",
                          [
                            "arn:",
                            {
                              "Ref": "AWS::Partition"
                            },
                            ":s3:::",
                            {
                              "Ref": "ServerlessDeploymentBucket"
                            }
                          ]
                        ]
                      }
                    ],
                    "Condition": {
                      "Bool": {
                        "aws:SecureTransport": false
                      }
                    }
                  }
                ]
              }
            }
          },
          "CreateNoteLogGroup": {
            "Type": "AWS::Logs::LogGroup",
            "Properties": {
              "LogGroupName": "/aws/lambda/notes-api-dev-createNote"
            }
          },
          "UpdateNoteLogGroup": {
            "Type": "AWS::Logs::LogGroup",
            "Properties": {
              "LogGroupName": "/aws/lambda/notes-api-dev-updateNote"
            }
          },
          "DeleteNoteLogGroup": {
            "Type": "AWS::Logs::LogGroup",
            "Properties": {
              "LogGroupName": "/aws/lambda/notes-api-dev-deleteNote"
            }
          },
          "GetAllNotesLogGroup": {
            "Type": "AWS::Logs::LogGroup",
            "Properties": {
              "LogGroupName": "/aws/lambda/notes-api-dev-getAllNotes"
            }
          },
          "IamRoleLambdaExecution": {
            "Type": "AWS::IAM::Role",
            "Properties": {
              "AssumeRolePolicyDocument": {
                "Version": "2012-10-17",
                "Statement": [
                  {
                    "Effect": "Allow",
                    "Principal": {
                      "Service": [
                        "lambda.amazonaws.com"
                      ]
                    },
                    "Action": [
                      "sts:AssumeRole"
                    ]
                  }
                ]
              },
              "Policies": [
                {
                  "PolicyName": {
                    "Fn::Join": [
                      "-",
                      [
                        "notes-api",
                        "dev",
                        "lambda"
                      ]
                    ]
                  },
                  "PolicyDocument": {
                    "Version": "2012-10-17",
                    "Statement": [
                      {
                        "Effect": "Allow",
                        "Action": [
                          "logs:CreateLogStream",
                          "logs:CreateLogGroup",
                          "logs:TagResource"
                        ],
                        "Resource": [
                          {
                            "Fn::Sub": "arn:${AWS::Partition}:logs:${AWS::Region}:${AWS::AccountId}:log-group:/aws/lambda/notes-api-dev*:*"
                          }
                        ]
                      },
                      {
                        "Effect": "Allow",
                        "Action": [
                          "logs:PutLogEvents"
                        ],
                        "Resource": [
                          {
                            "Fn::Sub": "arn:${AWS::Partition}:logs:${AWS::Region}:${AWS::AccountId}:log-group:/aws/lambda/notes-api-dev*:*:*"
                          }
                        ]
                      }
                    ]
                  }
                }
              ],
              "Path": "/",
              "RoleName": {
                "Fn::Join": [
                  "-",
                  [
                    "notes-api",
                    "dev",
                    {
                      "Ref": "AWS::Region"
                    },
                    "lambdaRole"
                  ]
                ]
              }
            }
          },
          "CreateNoteLambdaFunction": {
            "Type": "AWS::Lambda::Function",
            "Properties": {
              "Code": {
                "S3Bucket": {
                  "Ref": "ServerlessDeploymentBucket"
                },
                "S3Key": "serverless/notes-api/dev/1684517172963-2023-05-19T17:26:12.963Z/notes-api.zip"
              },
              "Handler": "handler.createNote",
              "Runtime": "nodejs14.x",
              "FunctionName": "notes-api-dev-createNote",
              "MemorySize": 128,
              "Timeout": 5,
              "Environment": {
                "Variables": {
                  "DYNAMODB_TABLE_NAME": "notes"
                }
              },
              "Role": {
                "Fn::GetAtt": [
                  "CreateNoteIamRoleLambdaExecution",
                  "Arn"
                ]
              }
            },
            "DependsOn": [
              "CreateNoteIamRoleLambdaExecution",
              "CreateNoteLogGroup"
            ]
          },
          "UpdateNoteLambdaFunction": {
            "Type": "AWS::Lambda::Function",
            "Properties": {
              "Code": {
                "S3Bucket": {
                  "Ref": "ServerlessDeploymentBucket"
                },
                "S3Key": "serverless/notes-api/dev/1684517172963-2023-05-19T17:26:12.963Z/notes-api.zip"
              },
              "Handler": "handler.updateNote",
              "Runtime": "nodejs14.x",
              "FunctionName": "notes-api-dev-updateNote",
              "MemorySize": 128,
              "Timeout": 5,
              "Environment": {
                "Variables": {
                  "DYNAMODB_TABLE_NAME": "notes"
                }
              },
              "Role": {
                "Fn::GetAtt": [
                  "UpdateNoteIamRoleLambdaExecution",
                  "Arn"
                ]
              }
            },
            "DependsOn": [
              "UpdateNoteIamRoleLambdaExecution",
              "UpdateNoteLogGroup"
            ]
          },
          "DeleteNoteLambdaFunction": {
            "Type": "AWS::Lambda::Function",
            "Properties": {
              "Code": {
                "S3Bucket": {
                  "Ref": "ServerlessDeploymentBucket"
                },
                "S3Key": "serverless/notes-api/dev/1684517172963-2023-05-19T17:26:12.963Z/notes-api.zip"
              },
              "Handler": "handler.deleteNote",
              "Runtime": "nodejs14.x",
              "FunctionName": "notes-api-dev-deleteNote",
              "MemorySize": 128,
              "Timeout": 5,
              "Environment": {
                "Variables": {
                  "DYNAMODB_TABLE_NAME": "notes"
                }
              },
              "Role": {
                "Fn::GetAtt": [
                  "DeleteNoteIamRoleLambdaExecution",
                  "Arn"
                ]
              }
            },
            "DependsOn": [
              "DeleteNoteIamRoleLambdaExecution",
              "DeleteNoteLogGroup"
            ]
          },
          "GetAllNotesLambdaFunction": {
            "Type": "AWS::Lambda::Function",
            "Properties": {
              "Code": {
                "S3Bucket": {
                  "Ref": "ServerlessDeploymentBucket"
                },
                "S3Key": "serverless/notes-api/dev/1684517172963-2023-05-19T17:26:12.963Z/notes-api.zip"
              },
              "Handler": "handler.getAllNotes",
              "Runtime": "nodejs14.x",
              "FunctionName": "notes-api-dev-getAllNotes",
              "MemorySize": 128,
              "Timeout": 5,
              "Environment": {
                "Variables": {
                  "DYNAMODB_TABLE_NAME": "notes"
                }
              },
              "Role": {
                "Fn::GetAtt": [
                  "GetAllNotesIamRoleLambdaExecution",
                  "Arn"
                ]
              }
            },
            "DependsOn": [
              "GetAllNotesIamRoleLambdaExecution",
              "GetAllNotesLogGroup"
            ]
          },
          "CreateNoteLambdaVersionqppBKbKky7azVgKfkCv4QXESQkeHVxMJArPyMeOU": {
            "Type": "AWS::Lambda::Version",
            "DeletionPolicy": "Retain",
            "Properties": {
              "FunctionName": {
                "Ref": "CreateNoteLambdaFunction"
              },
              "CodeSha256": "plnogOO9zwF7SI/B6wyZ+u/4DRcMa9ubLe2z5nm/9cY="
            }
          },
          "UpdateNoteLambdaVersionAHLWm2dyF0mQOsCA5CRcLQKGtsBrmrztsST60QzCc": {
            "Type": "AWS::Lambda::Version",
            "DeletionPolicy": "Retain",
            "Properties": {
              "FunctionName": {
                "Ref": "UpdateNoteLambdaFunction"
              },
              "CodeSha256": "plnogOO9zwF7SI/B6wyZ+u/4DRcMa9ubLe2z5nm/9cY="
            }
          },
          "DeleteNoteLambdaVersion7md0tT5rxjiprG6b81TCigdYyMWOy88AGpyyw46KKuw": {
            "Type": "AWS::Lambda::Version",
            "DeletionPolicy": "Retain",
            "Properties": {
              "FunctionName": {
                "Ref": "DeleteNoteLambdaFunction"
              },
              "CodeSha256": "plnogOO9zwF7SI/B6wyZ+u/4DRcMa9ubLe2z5nm/9cY="
            }
          },
          "GetAllNotesLambdaVersion8268fmV7DgsOCub3SByyR0ApdMlm6afMHzyCKJMrrk": {
            "Type": "AWS::Lambda::Version",
            "DeletionPolicy": "Retain",
            "Properties": {
              "FunctionName": {
                "Ref": "GetAllNotesLambdaFunction"
              },
              "CodeSha256": "plnogOO9zwF7SI/B6wyZ+u/4DRcMa9ubLe2z5nm/9cY="
            }
          },
          "ApiGatewayRestApi": {
            "Type": "AWS::ApiGateway::RestApi",
            "Properties": {
              "Name": "dev-notes-api",
              "EndpointConfiguration": {
                "Types": [
                  "EDGE"
                ]
              },
              "Policy": ""
            }
          },
          "ApiGatewayResourceNotes": {
            "Type": "AWS::ApiGateway::Resource",
            "Properties": {
              "ParentId": {
                "Fn::GetAtt": [
                  "ApiGatewayRestApi",
                  "RootResourceId"
                ]
              },
              "PathPart": "notes",
              "RestApiId": {
                "Ref": "ApiGatewayRestApi"
              }
            }
          },
          "ApiGatewayResourceNotesIdVar": {
            "Type": "AWS::ApiGateway::Resource",
            "Properties": {
              "ParentId": {
                "Ref": "ApiGatewayResourceNotes"
              },
              "PathPart": "{id}",
              "RestApiId": {
                "Ref": "ApiGatewayRestApi"
              }
            }
          },
          "ApiGatewayMethodNotesPost": {
            "Type": "AWS::ApiGateway::Method",
            "Properties": {
              "HttpMethod": "POST",
              "RequestParameters": {},
              "ResourceId": {
                "Ref": "ApiGatewayResourceNotes"
              },
              "RestApiId": {
                "Ref": "ApiGatewayRestApi"
              },
              "ApiKeyRequired": false,
              "AuthorizationType": "NONE",
              "Integration": {
                "IntegrationHttpMethod": "POST",
                "Type": "AWS_PROXY",
                "Uri": {
                  "Fn::Join": [
                    "",
                    [
                      "arn:",
                      {
                        "Ref": "AWS::Partition"
                      },
                      ":apigateway:",
                      {
                        "Ref": "AWS::Region"
                      },
                      ":lambda:path/2015-03-31/functions/",
                      {
                        "Fn::GetAtt": [
                          "CreateNoteLambdaFunction",
                          "Arn"
                        ]
                      },
                      "/invocations"
                    ]
                  ]
                }
              },
              "MethodResponses": []
            },
            "DependsOn": [
              "CreateNoteLambdaPermissionApiGateway"
            ]
          },
          "ApiGatewayMethodNotesIdVarPut": {
            "Type": "AWS::ApiGateway::Method",
            "Properties": {
              "HttpMethod": "PUT",
              "RequestParameters": {},
              "ResourceId": {
                "Ref": "ApiGatewayResourceNotesIdVar"
              },
              "RestApiId": {
                "Ref": "ApiGatewayRestApi"
              },
              "ApiKeyRequired": false,
              "AuthorizationType": "NONE",
              "Integration": {
                "IntegrationHttpMethod": "POST",
                "Type": "AWS_PROXY",
                "Uri": {
                  "Fn::Join": [
                    "",
                    [
                      "arn:",
                      {
                        "Ref": "AWS::Partition"
                      },
                      ":apigateway:",
                      {
                        "Ref": "AWS::Region"
                      },
                      ":lambda:path/2015-03-31/functions/",
                      {
                        "Fn::GetAtt": [
                          "UpdateNoteLambdaFunction",
                          "Arn"
                        ]
                      },
                      "/invocations"
                    ]
                  ]
                }
              },
              "MethodResponses": []
            },
            "DependsOn": [
              "UpdateNoteLambdaPermissionApiGateway"
            ]
          },
          "ApiGatewayMethodNotesIdVarDelete": {
            "Type": "AWS::ApiGateway::Method",
            "Properties": {
              "HttpMethod": "DELETE",
              "RequestParameters": {},
              "ResourceId": {
                "Ref": "ApiGatewayResourceNotesIdVar"
              },
              "RestApiId": {
                "Ref": "ApiGatewayRestApi"
              },
              "ApiKeyRequired": false,
              "AuthorizationType": "NONE",
              "Integration": {
                "IntegrationHttpMethod": "POST",
                "Type": "AWS_PROXY",
                "Uri": {
                  "Fn::Join": [
                    "",
                    [
                      "arn:",
                      {
                        "Ref": "AWS::Partition"
                      },
                      ":apigateway:",
                      {
                        "Ref": "AWS::Region"
                      },
                      ":lambda:path/2015-03-31/functions/",
                      {
                        "Fn::GetAtt": [
                          "DeleteNoteLambdaFunction",
                          "Arn"
                        ]
                      },
                      "/invocations"
                    ]
                  ]
                }
              },
              "MethodResponses": []
            },
            "DependsOn": [
              "DeleteNoteLambdaPermissionApiGateway"
            ]
          },
          "ApiGatewayMethodNotesGet": {
            "Type": "AWS::ApiGateway::Method",
            "Properties": {
              "HttpMethod": "GET",
              "RequestParameters": {},
              "ResourceId": {
                "Ref": "ApiGatewayResourceNotes"
              },
              "RestApiId": {
                "Ref": "ApiGatewayRestApi"
              },
              "ApiKeyRequired": false,
              "AuthorizationType": "NONE",
              "Integration": {
                "IntegrationHttpMethod": "POST",
                "Type": "AWS_PROXY",
                "Uri": {
                  "Fn::Join": [
                    "",
                    [
                      "arn:",
                      {
                        "Ref": "AWS::Partition"
                      },
                      ":apigateway:",
                      {
                        "Ref": "AWS::Region"
                      },
                      ":lambda:path/2015-03-31/functions/",
                      {
                        "Fn::GetAtt": [
                          "GetAllNotesLambdaFunction",
                          "Arn"
                        ]
                      },
                      "/invocations"
                    ]
                  ]
                }
              },
              "MethodResponses": []
            },
            "DependsOn": [
              "GetAllNotesLambdaPermissionApiGateway"
            ]
          },
          "ApiGatewayDeployment1684517171278": {
            "Type": "AWS::ApiGateway::Deployment",
            "Properties": {
              "RestApiId": {
                "Ref": "ApiGatewayRestApi"
              },
              "StageName": "dev"
            },
            "DependsOn": [
              "ApiGatewayMethodNotesPost",
              "ApiGatewayMethodNotesIdVarPut",
              "ApiGatewayMethodNotesIdVarDelete",
              "ApiGatewayMethodNotesGet"
            ]
          },
          "CreateNoteLambdaPermissionApiGateway": {
            "Type": "AWS::Lambda::Permission",
            "Properties": {
              "FunctionName": {
                "Fn::GetAtt": [
                  "CreateNoteLambdaFunction",
                  "Arn"
                ]
              },
              "Action": "lambda:InvokeFunction",
              "Principal": "apigateway.amazonaws.com",
              "SourceArn": {
                "Fn::Join": [
                  "",
                  [
                    "arn:",
                    {
                      "Ref": "AWS::Partition"
                    },
                    ":execute-api:",
                    {
                      "Ref": "AWS::Region"
                    },
                    ":",
                    {
                      "Ref": "AWS::AccountId"
                    },
                    ":",
                    {
                      "Ref": "ApiGatewayRestApi"
                    },
                    "/*/*"
                  ]
                ]
              }
            }
          },
          "UpdateNoteLambdaPermissionApiGateway": {
            "Type": "AWS::Lambda::Permission",
            "Properties": {
              "FunctionName": {
                "Fn::GetAtt": [
                  "UpdateNoteLambdaFunction",
                  "Arn"
                ]
              },
              "Action": "lambda:InvokeFunction",
              "Principal": "apigateway.amazonaws.com",
              "SourceArn": {
                "Fn::Join": [
                  "",
                  [
                    "arn:",
                    {
                      "Ref": "AWS::Partition"
                    },
                    ":execute-api:",
                    {
                      "Ref": "AWS::Region"
                    },
                    ":",
                    {
                      "Ref": "AWS::AccountId"
                    },
                    ":",
                    {
                      "Ref": "ApiGatewayRestApi"
                    },
                    "/*/*"
                  ]
                ]
              }
            }
          },
          "DeleteNoteLambdaPermissionApiGateway": {
            "Type": "AWS::Lambda::Permission",
            "Properties": {
              "FunctionName": {
                "Fn::GetAtt": [
                  "DeleteNoteLambdaFunction",
                  "Arn"
                ]
              },
              "Action": "lambda:InvokeFunction",
              "Principal": "apigateway.amazonaws.com",
              "SourceArn": {
                "Fn::Join": [
                  "",
                  [
                    "arn:",
                    {
                      "Ref": "AWS::Partition"
                    },
                    ":execute-api:",
                    {
                      "Ref": "AWS::Region"
                    },
                    ":",
                    {
                      "Ref": "AWS::AccountId"
                    },
                    ":",
                    {
                      "Ref": "ApiGatewayRestApi"
                    },
                    "/*/*"
                  ]
                ]
              }
            }
          },
          "GetAllNotesLambdaPermissionApiGateway": {
            "Type": "AWS::Lambda::Permission",
            "Properties": {
              "FunctionName": {
                "Fn::GetAtt": [
                  "GetAllNotesLambdaFunction",
                  "Arn"
                ]
              },
              "Action": "lambda:InvokeFunction",
              "Principal": "apigateway.amazonaws.com",
              "SourceArn": {
                "Fn::Join": [
                  "",
                  [
                    "arn:",
                    {
                      "Ref": "AWS::Partition"
                    },
                    ":execute-api:",
                    {
                      "Ref": "AWS::Region"
                    },
                    ":",
                    {
                      "Ref": "AWS::AccountId"
                    },
                    ":",
                    {
                      "Ref": "ApiGatewayRestApi"
                    },
                    "/*/*"
                  ]
                ]
              }
            }
          },
          "CreateNoteIamRoleLambdaExecution": {
            "Type": "AWS::IAM::Role",
            "Properties": {
              "AssumeRolePolicyDocument": {
                "Version": "2012-10-17",
                "Statement": [
                  {
                    "Effect": "Allow",
                    "Principal": {
                      "Service": [
                        "lambda.amazonaws.com"
                      ]
                    },
                    "Action": [
                      "sts:AssumeRole"
                    ]
                  }
                ]
              },
              "Policies": [
                {
                  "PolicyName": {
                    "Fn::Join": [
                      "-",
                      [
                        "notes-api",
                        "dev",
                        "lambda"
                      ]
                    ]
                  },
                  "PolicyDocument": {
                    "Version": "2012-10-17",
                    "Statement": [
                      {
                        "Effect": "Allow",
                        "Action": [
                          "logs:CreateLogStream",
                          "logs:CreateLogGroup",
                          "logs:PutLogEvents"
                        ],
                        "Resource": [
                          {
                            "Fn::Sub": "arn:${AWS::Partition}:logs:${AWS::Region}:${AWS::AccountId}:log-group:/aws/lambda/notes-api-dev-createNote:*:*"
                          }
                        ]
                      },
                      {
                        "Effect": "Allow",
                        "Action": [
                          "dynamodb:PutItem"
                        ],
                        "Resource": {
                          "Fn::GetAtt": [
                            "notesTable",
                            "Arn"
                          ]
                        }
                      }
                    ]
                  }
                }
              ],
              "Path": "/",
              "RoleName": {
                "Fn::Join": [
                  "-",
                  [
                    "notes-api",
                    "dev",
                    "createNote",
                    {
                      "Ref": "AWS::Region"
                    },
                    "lambdaRole"
                  ]
                ]
              },
              "ManagedPolicyArns": []
            }
          },
          "UpdateNoteIamRoleLambdaExecution": {
            "Type": "AWS::IAM::Role",
            "Properties": {
              "AssumeRolePolicyDocument": {
                "Version": "2012-10-17",
                "Statement": [
                  {
                    "Effect": "Allow",
                    "Principal": {
                      "Service": [
                        "lambda.amazonaws.com"
                      ]
                    },
                    "Action": [
                      "sts:AssumeRole"
                    ]
                  }
                ]
              },
              "Policies": [
                {
                  "PolicyName": {
                    "Fn::Join": [
                      "-",
                      [
                        "notes-api",
                        "dev",
                        "lambda"
                      ]
                    ]
                  },
                  "PolicyDocument": {
                    "Version": "2012-10-17",
                    "Statement": [
                      {
                        "Effect": "Allow",
                        "Action": [
                          "logs:CreateLogStream",
                          "logs:CreateLogGroup",
                          "logs:PutLogEvents"
                        ],
                        "Resource": [
                          {
                            "Fn::Sub": "arn:${AWS::Partition}:logs:${AWS::Region}:${AWS::AccountId}:log-group:/aws/lambda/notes-api-dev-updateNote:*:*"
                          }
                        ]
                      },
                      {
                        "Effect": "Allow",
                        "Action": [
                          "dynamodb:UpdateItem"
                        ],
                        "Resource": {
                          "Fn::GetAtt": [
                            "notesTable",
                            "Arn"
                          ]
                        }
                      }
                    ]
                  }
                }
              ],
              "Path": "/",
              "RoleName": {
                "Fn::Join": [
                  "-",
                  [
                    "notes-api",
                    "dev",
                    "updateNote",
                    {
                      "Ref": "AWS::Region"
                    },
                    "lambdaRole"
                  ]
                ]
              },
              "ManagedPolicyArns": []
            }
          },
          "DeleteNoteIamRoleLambdaExecution": {
            "Type": "AWS::IAM::Role",
            "Properties": {
              "AssumeRolePolicyDocument": {
                "Version": "2012-10-17",
                "Statement": [
                  {
                    "Effect": "Allow",
                    "Principal": {
                      "Service": [
                        "lambda.amazonaws.com"
                      ]
                    },
                    "Action": [
                      "sts:AssumeRole"
                    ]
                  }
                ]
              },
              "Policies": [
                {
                  "PolicyName": {
                    "Fn::Join": [
                      "-",
                      [
                        "notes-api",
                        "dev",
                        "lambda"
                      ]
                    ]
                  },
                  "PolicyDocument": {
                    "Version": "2012-10-17",
                    "Statement": [
                      {
                        "Effect": "Allow",
                        "Action": [
                          "logs:CreateLogStream",
                          "logs:CreateLogGroup",
                          "logs:PutLogEvents"
                        ],
                        "Resource": [
                          {
                            "Fn::Sub": "arn:${AWS::Partition}:logs:${AWS::Region}:${AWS::AccountId}:log-group:/aws/lambda/notes-api-dev-deleteNote:*:*"
                          }
                        ]
                      },
                      {
                        "Effect": "Allow",
                        "Action": [
                          "dynamodb:DeleteItem"
                        ],
                        "Resource": {
                          "Fn::GetAtt": [
                            "notesTable",
                            "Arn"
                          ]
                        }
                      }
                    ]
                  }
                }
              ],
              "Path": "/",
              "RoleName": {
                "Fn::Join": [
                  "-",
                  [
                    "notes-api",
                    "dev",
                    "deleteNote",
                    {
                      "Ref": "AWS::Region"
                    },
                    "lambdaRole"
                  ]
                ]
              },
              "ManagedPolicyArns": []
            }
          },
          "GetAllNotesIamRoleLambdaExecution": {
            "Type": "AWS::IAM::Role",
            "Properties": {
              "AssumeRolePolicyDocument": {
                "Version": "2012-10-17",
                "Statement": [
                  {
                    "Effect": "Allow",
                    "Principal": {
                      "Service": [
                        "lambda.amazonaws.com"
                      ]
                    },
                    "Action": [
                      "sts:AssumeRole"
                    ]
                  }
                ]
              },
              "Policies": [
                {
                  "PolicyName": {
                    "Fn::Join": [
                      "-",
                      [
                        "notes-api",
                        "dev",
                        "lambda"
                      ]
                    ]
                  },
                  "PolicyDocument": {
                    "Version": "2012-10-17",
                    "Statement": [
                      {
                        "Effect": "Allow",
                        "Action": [
                          "logs:CreateLogStream",
                          "logs:CreateLogGroup",
                          "logs:PutLogEvents"
                        ],
                        "Resource": [
                          {
                            "Fn::Sub": "arn:${AWS::Partition}:logs:${AWS::Region}:${AWS::AccountId}:log-group:/aws/lambda/notes-api-dev-getAllNotes:*:*"
                          }
                        ]
                      },
                      {
                        "Effect": "Allow",
                        "Action": [
                          "dynamodb:Scan"
                        ],
                        "Resource": {
                          "Fn::GetAtt": [
                            "notesTable",
                            "Arn"
                          ]
                        }
                      }
                    ]
                  }
                }
              ],
              "Path": "/",
              "RoleName": {
                "Fn::Join": [
                  "-",
                  [
                    "notes-api",
                    "dev",
                    "getAllNotes",
                    {
                      "Ref": "AWS::Region"
                    },
                    "lambdaRole"
                  ]
                ]
              },
              "ManagedPolicyArns": []
            }
          },
          "notesTable": {
            "Type": "AWS::DynamoDB::Table",
            "Properties": {
              "TableName": "notes",
              "BillingMode": "PAY_PER_REQUEST",
              "AttributeDefinitions": [
                {
                  "AttributeName": "notesId",
                  "AttributeType": "S"
                }
              ],
              "KeySchema": [
                {
                  "AttributeName": "notesId",
                  "KeyType": "HASH"
                }
              ]
            }
          }
        },
        "Outputs": {
          "ServerlessDeploymentBucketName": {
            "Value": {
              "Ref": "ServerlessDeploymentBucket"
            },
            "Export": {
              "Name": "sls-notes-api-dev-ServerlessDeploymentBucketName"
            }
          },
          "CreateNoteLambdaFunctionQualifiedArn": {
            "Description": "Current Lambda function version",
            "Value": {
              "Ref": "CreateNoteLambdaVersionqppBKbKky7azVgKfkCv4QXESQkeHVxMJArPyMeOU"
            },
            "Export": {
              "Name": "sls-notes-api-dev-CreateNoteLambdaFunctionQualifiedArn"
            }
          },
          "UpdateNoteLambdaFunctionQualifiedArn": {
            "Description": "Current Lambda function version",
            "Value": {
              "Ref": "UpdateNoteLambdaVersionAHLWm2dyF0mQOsCA5CRcLQKGtsBrmrztsST60QzCc"
            },
            "Export": {
              "Name": "sls-notes-api-dev-UpdateNoteLambdaFunctionQualifiedArn"
            }
          },
          "DeleteNoteLambdaFunctionQualifiedArn": {
            "Description": "Current Lambda function version",
            "Value": {
              "Ref": "DeleteNoteLambdaVersion7md0tT5rxjiprG6b81TCigdYyMWOy88AGpyyw46KKuw"
            },
            "Export": {
              "Name": "sls-notes-api-dev-DeleteNoteLambdaFunctionQualifiedArn"
            }
          },
          "GetAllNotesLambdaFunctionQualifiedArn": {
            "Description": "Current Lambda function version",
            "Value": {
              "Ref": "GetAllNotesLambdaVersion8268fmV7DgsOCub3SByyR0ApdMlm6afMHzyCKJMrrk"
            },
            "Export": {
              "Name": "sls-notes-api-dev-GetAllNotesLambdaFunctionQualifiedArn"
            }
          },
          "ServiceEndpoint": {
            "Description": "URL of the service endpoint",
            "Value": {
              "Fn::Join": [
                "",
                [
                  "https://",
                  {
                    "Ref": "ApiGatewayRestApi"
                  },
                  ".execute-api.",
                  {
                    "Ref": "AWS::Region"
                  },
                  ".",
                  {
                    "Ref": "AWS::URLSuffix"
                  },
                  "/dev"
                ]
              ]
            },
            "Export": {
              "Name": "sls-notes-api-dev-ServiceEndpoint"
            }
          }
        }
      },
      "coreCloudFormationTemplate": {
        "AWSTemplateFormatVersion": "2010-09-09",
        "Description": "The AWS CloudFormation template for this Serverless application",
        "Resources": {
          "ServerlessDeploymentBucket": {
            "Type": "AWS::S3::Bucket",
            "Properties": {
              "BucketEncryption": {
                "ServerSideEncryptionConfiguration": [
                  {
                    "ServerSideEncryptionByDefault": {
                      "SSEAlgorithm": "AES256"
                    }
                  }
                ]
              }
            }
          },
          "ServerlessDeploymentBucketPolicy": {
            "Type": "AWS::S3::BucketPolicy",
            "Properties": {
              "Bucket": {
                "Ref": "ServerlessDeploymentBucket"
              },
              "PolicyDocument": {
                "Statement": [
                  {
                    "Action": "s3:*",
                    "Effect": "Deny",
                    "Principal": "*",
                    "Resource": [
                      {
                        "Fn::Join": [
                          "",
                          [
                            "arn:",
                            {
                              "Ref": "AWS::Partition"
                            },
                            ":s3:::",
                            {
                              "Ref": "ServerlessDeploymentBucket"
                            },
                            "/*"
                          ]
                        ]
                      },
                      {
                        "Fn::Join": [
                          "",
                          [
                            "arn:",
                            {
                              "Ref": "AWS::Partition"
                            },
                            ":s3:::",
                            {
                              "Ref": "ServerlessDeploymentBucket"
                            }
                          ]
                        ]
                      }
                    ],
                    "Condition": {
                      "Bool": {
                        "aws:SecureTransport": false
                      }
                    }
                  }
                ]
              }
            }
          }
        },
        "Outputs": {
          "ServerlessDeploymentBucketName": {
            "Value": {
              "Ref": "ServerlessDeploymentBucket"
            }
          }
        }
      },
      "vpc": {}
    },
    "custom": {
      "notesTableName": "notes"
    },
    "plugins": [
      "serverless-iam-roles-per-function"
    ],
    "pluginsData": {},
    "functions": {
      "createNote": {
        "handler": "handler.createNote",
        "memorySize": 128,
        "timeout": 5,
        "events": [
          {
            "http": {
              "method": "post",
              "path": "notes",
              "integration": "AWS_PROXY"
            }
          }
        ],
        "iamRoleStatements": [
          {
            "$ref": "$[\"service\"][\"provider\"][\"compiledCloudFormationTemplate\"][\"Resources\"][\"CreateNoteIamRoleLambdaExecution\"][\"Properties\"][\"Policies\"][0][\"PolicyDocument\"][\"Statement\"][1]"
          }
        ],
        "name": "notes-api-dev-createNote",
        "package": {},
        "memory": 128,
        "runtime": "nodejs14.x",
        "vpc": {},
        "versionLogicalId": "CreateNoteLambdaVersionqppBKbKky7azVgKfkCv4QXESQkeHVxMJArPyMeOU"
      },
      "updateNote": {
        "handler": "handler.updateNote",
        "memorySize": 128,
        "timeout": 5,
        "events": [
          {
            "http": {
              "method": "put",
              "path": "notes/{id}",
              "integration": "AWS_PROXY"
            }
          }
        ],
        "iamRoleStatements": [
          {
            "$ref": "$[\"service\"][\"provider\"][\"compiledCloudFormationTemplate\"][\"Resources\"][\"UpdateNoteIamRoleLambdaExecution\"][\"Properties\"][\"Policies\"][0][\"PolicyDocument\"][\"Statement\"][1]"
          }
        ],
        "name": "notes-api-dev-updateNote",
        "package": {},
        "memory": 128,
        "runtime": "nodejs14.x",
        "vpc": {},
        "versionLogicalId": "UpdateNoteLambdaVersionAHLWm2dyF0mQOsCA5CRcLQKGtsBrmrztsST60QzCc"
      },
      "deleteNote": {
        "handler": "handler.deleteNote",
        "memorySize": 128,
        "timeout": 5,
        "events": [
          {
            "http": {
              "method": "delete",
              "path": "notes/{id}",
              "integration": "AWS_PROXY"
            }
          }
        ],
        "iamRoleStatements": [
          {
            "$ref": "$[\"service\"][\"provider\"][\"compiledCloudFormationTemplate\"][\"Resources\"][\"DeleteNoteIamRoleLambdaExecution\"][\"Properties\"][\"Policies\"][0][\"PolicyDocument\"][\"Statement\"][1]"
          }
        ],
        "name": "notes-api-dev-deleteNote",
        "package": {},
        "memory": 128,
        "runtime": "nodejs14.x",
        "vpc": {},
        "versionLogicalId": "DeleteNoteLambdaVersion7md0tT5rxjiprG6b81TCigdYyMWOy88AGpyyw46KKuw"
      },
      "getAllNotes": {
        "handler": "handler.getAllNotes",
        "memorySize": 128,
        "timeout": 5,
        "events": [
          {
            "http": {
              "method": "get",
              "path": "notes",
              "integration": "AWS_PROXY"
            }
          }
        ],
        "iamRoleStatements": [
          {
            "$ref": "$[\"service\"][\"provider\"][\"compiledCloudFormationTemplate\"][\"Resources\"][\"GetAllNotesIamRoleLambdaExecution\"][\"Properties\"][\"Policies\"][0][\"PolicyDocument\"][\"Statement\"][1]"
          }
        ],
        "name": "notes-api-dev-getAllNotes",
        "package": {},
        "memory": 128,
        "runtime": "nodejs14.x",
        "vpc": {},
        "versionLogicalId": "GetAllNotesLambdaVersion8268fmV7DgsOCub3SByyR0ApdMlm6afMHzyCKJMrrk"
      }
    },
    "resources": {
      "Resources": {
        "notesTable": {
          "Type": "AWS::DynamoDB::Table",
          "Properties": {
            "TableName": "notes",
            "BillingMode": "PAY_PER_REQUEST",
            "AttributeDefinitions": [
              {
                "AttributeName": "notesId",
                "AttributeType": "S"
              }
            ],
            "KeySchema": [
              {
                "AttributeName": "notesId",
                "KeyType": "HASH"
              }
            ]
          }
        }
      },
      "Outputs": {}
    },
    "configValidationMode": "warn",
    "serviceFilename": "serverless.yml",
    "initialServerlessConfig": {
      "service": "notes-api",
      "frameworkVersion": "3",
      "provider": {
        "$ref": "$[\"service\"][\"provider\"]"
      },
      "custom": {
        "$ref": "$[\"service\"][\"custom\"]"
      },
      "plugins": {
        "$ref": "$[\"service\"][\"plugins\"]"
      },
      "functions": {
        "$ref": "$[\"service\"][\"functions\"]"
      },
      "resources": {
        "$ref": "$[\"service\"][\"resources\"]"
      }
    },
    "layers": {},
    "isDashboardMonitoringPreconfigured": false,
    "artifact": "/Users/paolomelgarejo/Desktop/Projects/aws-experiments/notes-crud-api/notes/.serverless/notes-api.zip"
  },
  "package": {
    "artifactDirectoryName": "serverless/notes-api/dev/1684517172963-2023-05-19T17:26:12.963Z",
    "artifact": "notes-api.zip"
  }
}